id,lng,lat
985,-70.578549077963530,41.904212601194054
983,-70.650045759797862,41.943345394448883
984,-70.659365319959548,41.869020361410882
951,-71.152464219785472,41.905940419298545
909,-71.212744517809256,41.950699540501958
922,-71.243993334090291,41.930811973793261
928,-71.340167716967926,41.923136154543386
919,-71.358448264486086,41.955999481393505
976,-70.736351626354036,41.965221805555714
979,-70.713013512251507,41.933686589615995
977,-70.787520899381178,41.915447148782441
957,-70.910835960422816,41.928011581452758
941,-71.025051255401820,41.910478046856014
948,-71.103409388512588,41.933715229202321
947,-71.108655813650671,41.963335341320843
908,-71.178401170399042,41.958006017230055
923,-71.282666841394203,41.944441604275241
924,-71.280579730708467,41.936114937518404
926,-71.300652773058886,41.941572913384128
917,-71.310729560117053,41.963976946316699
973,-70.809695828794446,41.963477253921724
945,-70.951049070782517,41.949803142880825
942,-71.005436858473828,41.966485477248476
940,-71.042646640447174,41.935953737417790
939,-71.068386959138778,41.956080665009161
925,-71.281031157477287,41.917924918351318
927,-71.317193615177032,41.917580433578905
929,-71.370702157612968,41.911115956330384
978,-70.744191999464135,41.857977332545985
960,-70.849126742201733,41.852343727137772
955,-71.013718620128486,41.869542093315957
954,-71.068437835635564,41.886214731199061
952,-71.113708469865756,41.880362727487693
953,-71.093605371706602,41.892575485362705
949,-71.097852465506705,41.905617702561209
950,-71.081296943575069,41.910645385911131
956,-70.959423598932602,41.831030120828693
959,-70.911255149761317,41.899277691244215
958,-70.931339509233140,41.892939079200453
986,-70.586237630187625,41.816711264910268
822,-71.268960442105254,42.689820654981474
913,-71.336385919645664,42.014124773559267
803,-71.309063043927154,42.659789783921390
823,-71.290963080093590,42.666776897313184
797,-71.296914892207013,42.653895156172339
920,-71.283508014478528,41.964477985006681
914,-71.297865873795558,41.991768215495533
911,-71.309879102518565,42.061036517754992
804,-71.311353161297490,42.654409957294760
807,-71.310386204067100,42.642835579506396
798,-71.301422479539141,42.642029974730029
632,-71.312548346975376,42.118564144299583
815,-71.309654914065689,42.603503481800651
799,-71.308820368285794,42.636462813539914
794,-71.303179092822376,42.630086471684855
795,-71.308644925090903,42.621447582435131
538,-71.295215521313892,42.575088977337941
624,-71.280223540846578,42.134457207407038
621,-71.299820470039165,42.169295315855486
545,-71.296811204968478,42.500821308661209
535,-71.303012049455361,42.549301380087975
584,-71.284188478980354,42.236578612651563
620,-71.310866106856764,42.202551748304806
558,-71.298254176737501,42.346235801213808
557,-71.303721570987250,42.384762845592327
539,-71.310036080586784,42.425132205013526
546,-71.326882571773552,42.461106057853016
544,-71.284625587846605,42.474417553009474
566,-71.304499823523756,42.286301248063076
577,-71.326872224909664,42.267414073508441
564,-71.309079255029658,42.312598081704770
565,-71.307294095768242,42.301574642590253
847,-71.680861527942838,42.481784231237988
843,-71.607273824902165,42.436189098315459
842,-71.585312749567422,42.505897986795183
835,-71.517809315336692,42.488383541386376
554,-71.471290241534177,42.472596876578855
552,-71.435875734748862,42.491198012023503
553,-71.438029990543740,42.458016535623130
549,-71.396781371051020,42.456866915207996
547,-71.361638825814808,42.481149732327289
895,-71.577548480860727,42.038894012226400
873,-71.604281684714465,42.177099453597371
893,-71.551413444027190,42.093032747580267
892,-71.535106388163371,42.124904451318010
865,-71.555849723083995,42.219286958173626
870,-71.578823252328860,42.274004202392078
869,-71.604983351485288,42.292270466414053
863,-71.529698172412935,42.301204560750477
853,-71.574378930063844,42.378104201458427
854,-71.580455452393366,42.398624160904248
852,-71.556322594431791,42.400324852162278
608,-71.464722466821854,42.188417289733714
860,-71.560751293910158,42.332486531726772
859,-71.569128704704468,42.357894938241785
607,-71.409279159333423,42.197945617795085
606,-71.432915579164714,42.222315783210632
603,-71.375331279183087,42.234163668642950
898,-71.655270079524712,42.049031928574415
875,-71.661159391071408,42.112627504207531
874,-71.651486113482832,42.138851001559374
896,-71.609753690991639,42.066345636214450
897,-71.636394248114840,42.083779985791743
867,-71.637814687241871,42.331597710842253
850,-71.702089521040264,42.406707402143766
849,-71.688499440551141,42.427873907799849
862,-71.587074723293597,42.326086696301282
861,-71.597746638443411,42.349442490987883
872,-71.634215018120528,42.254513230609959
868,-71.664104236443919,42.305318873378681
871,-71.616914719076220,42.267150880860427
866,-71.635558396794309,42.383822827803534
848,-71.672906708020733,42.413844598683468
912,-71.388666554841294,42.033018428061411
891,-71.475991897689653,42.047675594803344
910,-71.346536334181636,42.071411836728906
883,-71.426441179004371,42.061424392174906
890,-71.472212420467798,42.104953654304360
879,-71.378491784542518,42.078608375962986
882,-71.399841665050872,42.074434427603784
880,-71.420707301320547,42.099657922848351
878,-71.403261620760489,42.116600853955134
877,-71.407062011026213,42.144982542760808
876,-71.438401161846926,42.157156036758948
894,-71.531101861049322,42.039926319851141
886,-71.548022091666027,42.155501799515186
884,-71.523897366571660,42.173233579340483
885,-71.495443704117619,42.147255005413200
889,-71.507632595047198,42.130192655590832
888,-71.525668430972786,42.138396140871244
887,-71.524720308738139,42.148700535443382
916,-71.326029593121930,41.972014583474127
918,-71.339221904110161,41.981240954566772
915,-71.325291787031858,41.987445588522611
633,-71.349541659528498,42.113636441688620
630,-71.370083720767710,42.169799466196395
881,-71.403427487795469,42.085531171531620
631,-71.341587722646409,42.167921907431158
601,-71.464691978458660,42.329010060509518
855,-71.499783778692844,42.355588235885641
857,-71.528344443084180,42.339974849911506
586,-71.430368335117763,42.376803550870321
585,-71.411049867470538,42.403754962525859
555,-71.452744180862354,42.419911589328862
605,-71.449830442995520,42.247014435246271
599,-71.433912977327267,42.282538240411014
598,-71.439862111937458,42.296761888897805
597,-71.426708342374624,42.304914704417207
596,-71.433672847222795,42.320366011066795
595,-71.418856113468507,42.334243804829853
587,-71.439142905370161,42.358086200476045
858,-71.549360917733637,42.343195553084144
573,-71.358923975958206,42.369550022878741
600,-71.427598322724293,42.268356739166407
588,-71.393225116102016,42.323699628588869
574,-71.360493104632951,42.329512349937282
864,-71.512367086068878,42.234240066956993
604,-71.484745192653122,42.266098802956286
602,-71.468291517608847,42.292259318138541
837,-71.517472912682535,42.424230763014222
851,-71.518677951130897,42.387093843461365
836,-71.493894914664423,42.445707645937112
856,-71.536597137714978,42.364127280353856
556,-71.461323483030128,42.437283541823874
594,-71.406335846913521,42.269427153651513
580,-71.358583167717157,42.271140285349418
583,-71.387694053493377,42.279679317248238
581,-71.378631775740701,42.304416372500064
578,-71.357293895494479,42.308178149279208
579,-71.362849283627526,42.288159628818420
592,-71.410601151968109,42.285474533722535
591,-71.413062152680453,42.294173029232319
589,-71.402264542216045,42.309142029365717
582,-71.384493636816472,42.292214454706674
590,-71.394158284147608,42.302788498421073
593,-71.414018458874011,42.280014425594509
575,-71.335089891633686,42.315690300470031
576,-71.340334253989582,42.294894754014358
548,-71.380747040326909,42.436265110810467
839,-71.591678909603857,42.604128748231147
844,-71.575709614882442,42.682311400178016
840,-71.562646201842284,42.563799357227616
838,-71.535383149831134,42.621911103898576
846,-71.646952930237134,42.572673892758765
841,-71.602547971177643,42.559337982236933
845,-71.621585998202562,42.664558866685553
827,-71.447239253662048,42.659346605794141
832,-71.473031931348203,42.602108404968945
831,-71.431714313108188,42.624623379553292
833,-71.473258682319624,42.524880309772719
830,-71.441585169446498,42.579642208922102
820,-71.389300870803879,42.604528391903912
551,-71.408480569994779,42.506196904448586
829,-71.418404183852815,42.551578239017125
818,-71.357662461985072,42.595105979827224
816,-71.332296843088074,42.584097094692630
834,-71.509488842267118,42.548060862333308
828,-71.500554664257720,42.676448011706405
550,-71.351284601320756,42.530061085557143
817,-71.371560861403935,42.573664375161428
826,-71.395398927836283,42.678863438430199
825,-71.356508350164702,42.675177239191889
824,-71.327088027853463,42.681558349699429
821,-71.390079989720277,42.633672943308788
814,-71.365274414454461,42.649633428970553
819,-71.355393233795169,42.611453270559892
813,-71.341967705456696,42.648880649703692
811,-71.352364435257314,42.632937752147839
809,-71.331382781047949,42.644589711631802
796,-71.332760481212304,42.620732830843146
802,-71.334876534567627,42.630475251732456
810,-71.330985122590718,42.637440342306178
801,-71.325321832682590,42.629915988829964
800,-71.318890110696813,42.633580103145007
812,-71.325993711017034,42.655917427298284
806,-71.318972338058842,42.651221273680214
808,-71.320896521563625,42.643575928371689
805,-71.311256844869561,42.648192543949136
739,-70.812944041946551,42.686062956179740
738,-70.779126795464151,42.632467660841371
729,-70.769032946273072,42.582358938943699
442,-70.896645962903122,42.471544014697230
305,-70.929477842717361,42.466760150388374
311,-70.971714905051840,42.460470792303838
316,-70.983900110306891,42.466779889041831
726,-70.785687016597720,42.202787746296401
727,-70.758382028092456,42.223120380452137
728,-70.737627957384362,42.180038771721208
961,-70.754901150997156,42.127250119141934
309,-70.941284799496501,42.471939849864974
308,-70.949092273039611,42.467283686995273
313,-70.956888671579520,42.469800763921256
312,-70.967032946616442,42.473519935985948
320,-71.008272970037808,42.478251102123515
724,-70.812993726520034,42.175953701221182
725,-70.802304646428539,42.140963808912865
966,-70.788110443347932,42.091566690496613
969,-70.747888202251104,42.050773787079017
974,-70.764145943366643,41.998255133525547
321,-71.036459734559898,42.469136562757726
325,-71.053801107980249,42.465501845843669
333,-71.090312166096894,42.464374881554960
332,-71.108304554048743,42.469554712227250
336,-71.129454485120363,42.449062136538878
968,-70.794117213835904,42.045841375986384
326,-71.070470968288134,42.465763894349536
337,-71.122559256368163,42.466485883800672
338,-71.137371012766280,42.464504325796355
342,-71.142182101374914,42.477207699987005
349,-71.159650141256847,42.476384649014364
350,-71.170124180288809,42.471135576325949
351,-71.187741296451705,42.463696587100230
371,-71.201691222461250,42.447832809118339
375,-71.252503052165366,42.470213488426815
523,-71.203673809299517,42.476326617073397
374,-71.235510871469771,42.460293560920029
69,-71.035215627466599,42.366965577108509
70,-71.040114107918811,42.372143814596065
72,-71.037651664639000,42.380858414478233
205,-71.037580586984518,42.388600979338236
206,-71.042930223147309,42.394126102570830
216,-71.059963798687335,42.396638483757243
142,-71.042178223076206,42.352156436948633
148,-71.040849322904364,42.340786971457682
154,-71.038609948482332,42.332905923639615
156,-71.050755816949746,42.326933276175801
165,-71.041751894589495,42.316777946685704
177,-71.047545726811691,42.289915457711579
178,-71.055370607567284,42.278041190602153
422,-71.049269048916386,42.262427290435689
425,-71.036528929039861,42.275315369248339
713,-70.820141321810425,42.235463789087433
223,-71.031818965105771,42.434763556024599
221,-71.038576083075725,42.416180707593419
217,-71.043253535370994,42.405190718537611
222,-71.050679362383548,42.417992330252176
144,-71.041154320043219,42.347381580062603
153,-71.041288963581763,42.336889696970623
421,-71.090702844735333,42.231926487088899
423,-71.054446826933798,42.225207344844179
427,-71.030801181680971,42.267166713747280
695,-70.979980130890681,42.210511036850960
701,-70.959147873713405,42.206142669126322
702,-70.934627704970765,42.213124956382664
712,-70.870212967433275,42.212185039804204
324,-71.046045600601758,42.450960586341367
228,-71.050392999409155,42.436811035477945
224,-71.047724612200255,42.427869545325521
635,-71.126048623653233,42.197783010323107
640,-71.077430788951247,42.191949018984282
642,-71.043111436213877,42.188648352544959
693,-71.017393835872355,42.193204321824872
687,-71.026865819767835,42.208594836557523
686,-71.027455427081478,42.223984986264718
694,-70.996441309766183,42.202130500422584
704,-70.933733657122445,42.197721226632758
711,-70.901308099278793,42.184368555981983
612,-71.162268307989876,42.210920304496717
644,-71.034559961694683,42.169113413742728
936,-71.011405159378739,42.012094412050807
934,-71.051966268189972,42.015399187487681
610,-71.227968626428066,42.207395200533952
613,-71.195065124346712,42.202774176072381
614,-71.174587115458081,42.188979248102882
643,-71.048202100499722,42.158501592809877
645,-71.038853170244280,42.147846074724065
935,-71.023312138640136,42.036750766001383
652,-71.054500387402172,42.127967723305872
653,-71.035139003977619,42.122956413782177
656,-71.037275885667910,42.107231162529537
677,-71.036936356616465,42.062461787070610
667,-71.030203717704055,42.074235935617985
666,-71.038967365230604,42.083114067974435
660,-71.038398130708799,42.095162642716353
615,-71.217952314958637,42.194274058320815
907,-71.152920899961416,41.984196060665383
903,-71.189124345126231,42.025773294896275
901,-71.271240077590306,42.065096741467897
629,-71.162717660049779,42.091876672815438
900,-71.214301080345322,42.058592503880625
899,-71.241370042509047,42.083965066153553
634,-71.159461237348381,42.170391058435442
930,-71.102719216161475,42.068277123124865
649,-71.120499780087385,42.105480476759368
628,-71.170861593521948,42.124379395582800
627,-71.204847783219194,42.120015231736524
664,-71.069554353625861,42.080240519508038
665,-71.052886393103563,42.079030612859256
906,-71.250976772472200,42.001115858546136
902,-71.261923583367192,42.037539037659329
904,-71.221990082093512,42.031453629327132
905,-71.234328101315469,42.019380658664033
921,-71.263073254980213,41.956054543659803
625,-71.242816274866001,42.135320573762826
623,-71.221588398239717,42.154836271899406
622,-71.255453571894364,42.175973863305508
618,-71.219531569278217,42.180359818847009
626,-71.263961430567718,42.111216995697276
619,-71.199311375794380,42.167938756498764
616,-71.205183585111811,42.189957866232220
617,-71.191905761689853,42.185569748673963
933,-71.087565376302138,42.015562172276390
932,-71.138415018292577,42.034416537341151
674,-71.066317060145565,42.060308793587950
931,-71.079600801593017,42.060015549810956
676,-71.052722744501878,42.058443615710885
675,-71.056884098412766,42.067922092418840
637,-71.136617322383472,42.156333371016224
638,-71.119378303780877,42.162077069238073
639,-71.092926693358805,42.167197192224421
636,-71.150349607221088,42.148406478606354
646,-71.128036316244788,42.136457362407690
647,-71.109036568107669,42.134713094040833
648,-71.080157173699661,42.143130000020648
658,-71.067819882564407,42.095096003547226
650,-71.086287258739191,42.106727693131425
651,-71.077447805869568,42.118887145248017
659,-71.053147237761038,42.094417294283126
641,-71.060631281652761,42.174379095485868
150,-71.059647467554200,42.336190324907236
66,-71.067012022962857,42.339370519929624
151,-71.051976267729117,42.337862132971516
67,-71.071891279283221,42.337522042677570
68,-71.073821325617402,42.335141868114697
116,-71.081351924184219,42.331717358864942
340,-71.165096071978212,42.445591781317738
356,-71.158854875781770,42.427863521406763
89,-71.089036673678407,42.338883683756215
117,-71.086491559576359,42.334635097994045
418,-71.151424060371326,42.224934390451040
417,-71.171819593728998,42.235597998958916
611,-71.186741235198198,42.219892612345795
357,-71.177363050231790,42.418954246638449
355,-71.162615372736894,42.413719526714402
93,-71.096227617683283,42.335883501132010
99,-71.104731890803038,42.332497258618794
416,-71.179235657107242,42.241618363333487
361,-71.166293887186825,42.401230449161424
94,-71.104228354091404,42.340125987029772
95,-71.103863031119531,42.336346567120472
96,-71.105958366523168,42.335740441805356
97,-71.107990620623383,42.337184221073443
98,-71.109744550121960,42.338225515150071
295,-71.117760805183110,42.338580208480238
296,-71.115920576669794,42.333259059558451
187,-71.169107246546673,42.272588506114509
412,-71.180174424353666,42.264819521979632
403,-71.252106930400529,42.336033768709548
360,-71.169278091569396,42.391032336335414
359,-71.165221117920055,42.381298416089088
297,-71.130893730210673,42.337490175814111
298,-71.124830566877435,42.333241316038730
299,-71.146527547151990,42.329542557570285
301,-71.155668738624954,42.310940749522452
184,-71.171202410770078,42.289814677955682
401,-71.226351286788741,42.339041475981020
367,-71.178876855575211,42.373651609553427
366,-71.176273232066990,42.364085093974595
392,-71.183611819896527,42.356044002413419
112,-71.164069105870851,42.353734168494150
114,-71.158577977186752,42.336398031841171
404,-71.165328480591356,42.331568903620600
405,-71.178164909185554,42.329122410476671
408,-71.182405928274648,42.308166856732186
400,-71.204257140426307,42.336752473709254
398,-71.182813991496346,42.343999955836061
113,-71.162509818035176,42.345211686686262
609,-71.220037307996932,42.234146823893660
572,-71.209081588520277,42.279851984051525
570,-71.246311421598847,42.266564211247065
569,-71.264811849497022,42.279470068548811
571,-71.227805835349088,42.288079053383555
567,-71.237959230901382,42.301712055156798
402,-71.240564456867006,42.325507711579860
560,-71.246849112998731,42.313271816491465
561,-71.279159143573636,42.318442535212839
562,-71.271280881539468,42.303655001028950
563,-71.284936877563084,42.290794362685155
559,-71.256744575925751,42.319251417323038
415,-71.201305217412752,42.253027227553609
409,-71.197335988647168,42.299992432553921
568,-71.220295440639021,42.303769445087688
406,-71.192865867468171,42.324782835795489
407,-71.215993657382725,42.324185691931945
410,-71.211604952691502,42.310756417336286
411,-71.220151989241884,42.313843756502301
385,-71.272259460297889,42.393908923608741
381,-71.265528444505250,42.409958563849827
373,-71.244022527286148,42.439861370568657
363,-71.190620005333002,42.403021559673611
397,-71.248325438622615,42.350751972403579
391,-71.256970705328385,42.362013553491018
380,-71.253995643654932,42.406406222462053
372,-71.235822010932608,42.423475088957339
377,-71.212716667481843,42.396873139996146
396,-71.230825189164079,42.355777004380556
388,-71.240498419540629,42.362585441213149
387,-71.231446001761910,42.368789293958294
386,-71.223587506810361,42.373421567200239
382,-71.231605159609330,42.381473233254383
379,-71.242382270241180,42.406505593225987
378,-71.227203712577293,42.396540460754871
389,-71.260187620789310,42.372372275579231
390,-71.255813137560423,42.367277331574428
384,-71.258864750688176,42.387272126468353
383,-71.248131122232905,42.386314703818378
540,-71.281540961104838,42.455799983292899
376,-71.206329560758832,42.384564370834148
369,-71.196524455305138,42.377432495197617
399,-71.202222459703776,42.347994309265736
394,-71.209645663679368,42.356957516769555
368,-71.200624205158675,42.367905289039491
393,-71.200447325338629,42.360924021721623
395,-71.219685373866341,42.356863595454840
362,-71.184621988639208,42.385165790122898
358,-71.186833755953074,42.424680682027365
370,-71.206932167912896,42.426357485275020
199,-71.074647882940852,42.273878622867628
420,-71.078266426170131,42.264162009681108
198,-71.085954712017099,42.274206406048521
419,-71.096071455777547,42.254474193962061
130,-71.098533060203238,42.297453122953996
196,-71.100628902759027,42.273345414826032
181,-71.112422201505723,42.284246660120296
190,-71.115439173964532,42.270576866067699
193,-71.108754316457080,42.263414892151097
100,-71.108897871230823,42.328332577632558
131,-71.103958292265247,42.324619364374641
139,-71.108785970798806,42.308253971268385
140,-71.112875659592945,42.304633477300470
141,-71.119093838291988,42.300257422629159
189,-71.133942054987628,42.266535660196695
188,-71.153074198831220,42.264962680381075
132,-71.112388966578379,42.324034454857241
135,-71.105666569586020,42.320297318854188
134,-71.102944695703513,42.314347714289191
136,-71.109564081824772,42.315054470986155
186,-71.149922412704797,42.278713355099818
194,-71.129873531733494,42.237076984928116
191,-71.137855191010971,42.246264319119952
414,-71.156478853508801,42.239829827441682
413,-71.156522630980760,42.250273250805954
195,-71.117260517289964,42.249064551258549
192,-71.124550863174704,42.255951471184751
300,-71.131778856611362,42.321584799727468
138,-71.128895864020620,42.308450346356203
179,-71.136726122636759,42.293375499386428
182,-71.138742363743347,42.282672191592319
185,-71.156941822812172,42.287169386625358
180,-71.121971970963514,42.288191823160297
183,-71.127683699215481,42.278903787160026
137,-71.118624720646736,42.316895815054203
164,-71.048955431546190,42.311095466872025
172,-71.053804609060450,42.298180768137243
115,-71.069220402917153,42.330188916569433
163,-71.056560970303011,42.307748839116307
167,-71.064704421142480,42.303635910474654
171,-71.069329603890594,42.294633805070085
175,-71.068398226549618,42.286619407474404
119,-71.072605219476102,42.323808280762648
166,-71.070324766848742,42.307351324648970
168,-71.075330189386989,42.300867249259753
174,-71.076816578088213,42.283375727377226
121,-71.073781184597522,42.316697805910614
125,-71.077008412397987,42.309716329632444
129,-71.081612214940435,42.303051728386478
170,-71.084919804023656,42.296066217532882
173,-71.085888617434350,42.288458222368845
197,-71.093210392061138,42.280300476099164
118,-71.094028672425921,42.327792845039355
123,-71.086546123478939,42.321940720138947
122,-71.080000150446011,42.320293086343327
127,-71.087070787681355,42.309511666824719
124,-71.096531839592231,42.321491985408883
128,-71.091986078717284,42.315649674527172
133,-71.099315675096307,42.312038098790730
126,-71.083952943172164,42.313722087989682
120,-71.078472873117150,42.326820203030302
176,-71.059945034425084,42.286466343639376
169,-71.068865908384907,42.299148029182561
158,-71.056723560017986,42.322227125192185
162,-71.055434402279033,42.315563972214747
159,-71.067421290329094,42.317882534953135
160,-71.062101955758777,42.316275008476147
161,-71.064153016459443,42.311402322845574
157,-71.062579200620917,42.325728547621189
152,-71.047677740787549,42.332046303491140
219,-71.064487913793272,42.406964233893937
231,-71.078376436303287,42.406956157203105
232,-71.091779269056417,42.409449877380588
237,-71.102370530797160,42.404393856340455
236,-71.111220412047970,42.435753267180495
239,-71.117774363942445,42.414670207214066
238,-71.114435277897655,42.407050889185747
250,-71.106193061239381,42.395224116599898
256,-71.130010794600523,42.408871193837840
255,-71.121935379595186,42.404578744282723
253,-71.114986538581988,42.398351529518742
254,-71.124766927226375,42.399994627857765
249,-71.104407618305231,42.387627454238995
248,-71.102868788088358,42.379750972857316
269,-71.102731575607123,42.372795190858717
353,-71.142533396149730,42.407880011817447
287,-71.130994216752569,42.396288752409134
270,-71.109003825992232,42.375315630072620
272,-71.109729934881415,42.370396182233392
271,-71.103629924059646,42.367274738159004
262,-71.099268071061601,42.355611231204840
352,-71.150490319405094,42.404508278386309
273,-71.112277283488766,42.363997816822035
267,-71.104167712203633,42.361286628569182
268,-71.110507301060167,42.356692186702091
88,-71.103389672127719,42.350549808437890
92,-71.102425694162093,42.346528526986191
291,-71.111922213565677,42.345454608815253
288,-71.136249155919614,42.394438890962384
285,-71.134815501914872,42.386105206704215
274,-71.117114137083135,42.368923851887367
290,-71.148703317610924,42.391867964891233
284,-71.137571455281659,42.374425240187051
282,-71.123523164208180,42.372473181174939
103,-71.127264076947711,42.367328763097262
365,-71.159673369404928,42.370595679218901
364,-71.152764453106016,42.366125675215983
107,-71.144204650824264,42.361161128920607
294,-71.134008746768188,42.341611309137093
108,-71.148609478399436,42.354687620920018
109,-71.142528756921763,42.349943487245426
110,-71.142390366378677,42.343102612562248
111,-71.149729494473391,42.344424239118069
289,-71.147511352705848,42.396446683830703
286,-71.150213584182936,42.383251736240098
102,-71.120810474504992,42.358356140456053
101,-71.116788160990765,42.352135670646696
105,-71.130124481755459,42.354388745811747
292,-71.119635134986055,42.346791354564601
106,-71.131783510949745,42.350391839952266
293,-71.126917341128035,42.347071841141755
104,-71.130697011166419,42.359990657138020
252,-71.120294480703365,42.394255983426589
251,-71.112754157464849,42.389017647928732
279,-71.121824033917775,42.388502052292331
280,-71.124213277215048,42.382451113464185
283,-71.127022286405818,42.377064394836438
281,-71.121134157595876,42.375583889582686
275,-71.113762802581618,42.381308153244660
276,-71.116581959995003,42.378727442203356
277,-71.115634145989674,42.374284594660281
278,-71.117710053327059,42.372467981386286
241,-71.137073583475157,42.428632446358726
240,-71.130586184106463,42.419686052835750
339,-71.148153104976672,42.454267047861684
354,-71.140749102923834,42.413687667317987
86,-71.075244464890758,42.383484079595611
82,-71.062716323992703,42.373423118937630
1,-71.064123134059599,42.367341942542062
3,-71.055786291440711,42.366538138303206
242,-71.084527250279294,42.377139430629079
85,-71.070779506468185,42.375277106313611
257,-71.076924602692642,42.371211209360489
11,-71.069300520765722,42.364033899787763
59,-71.073204116353153,42.346595640434174
264,-71.096445791059026,42.371205512936065
263,-71.090945275979152,42.370686318031957
259,-71.083430600550557,42.366606529782246
258,-71.075587325914043,42.366222327629181
13,-71.073086548984804,42.358198663357918
44,-71.078322793728219,42.355029676144639
45,-71.073806990174148,42.353127375873804
46,-71.073067080626572,42.351359013276848
50,-71.073361515387106,42.349427516205388
51,-71.075389666503838,42.349062406080989
60,-71.075904153637325,42.343702918588221
64,-71.074523834062390,42.340690853761295
260,-71.085956950221529,42.363279924168495
261,-71.086225861995402,42.359301904381617
265,-71.092927469423785,42.365497559828555
43,-71.086059603586136,42.353065257230341
47,-71.077287589015469,42.350846442554996
87,-71.093629631092639,42.350506593398521
91,-71.096734843035932,42.343981177308358
90,-71.090061051929766,42.343055662729633
266,-71.097746571302849,42.364588768988966
57,-71.078789539248334,42.346306769180728
61,-71.080856646733864,42.341088641636986
48,-71.082283816700510,42.350346477337624
53,-71.081765021998791,42.348269872543177
54,-71.082136643709916,42.346842972766723
58,-71.082408859110529,42.343410825589203
56,-71.084662745448242,42.344855286978522
49,-71.086217896082772,42.348811699129442
55,-71.086126530653530,42.346948579975503
65,-71.078259756568102,42.338588149109960
52,-71.077872784681361,42.348896446468991
247,-71.091606316526821,42.396145699467141
246,-71.096268545858067,42.391212887349830
243,-71.085784544724675,42.385013714989924
245,-71.095000442951346,42.383543414357121
244,-71.081149810842447,42.391919789301078
8,-71.052884624474032,42.353433137341803
10,-71.057297547166669,42.348691162689121
146,-71.052096616867587,42.346241678354176
143,-71.046793808277599,42.351020552731747
17,-71.056451117959853,42.360744118672486
9,-71.057689501477654,42.351418922930733
41,-71.061893700218079,42.351274685466137
18,-71.058490686164191,42.360647980304378
28,-71.057220638003457,42.358191767705179
29,-71.057212933925683,42.357192938057565
34,-71.058267948183826,42.353834914035083
30,-71.056542105618078,42.356163897519920
36,-71.065747749746052,42.355176526381229
39,-71.069281082149885,42.352183292839115
62,-71.064800168082996,42.345346431737823
42,-71.064293029483323,42.348769835834354
63,-71.069834714334746,42.343051436660325
40,-71.066167448070104,42.350862468108659
38,-71.070894957828543,42.349368895192868
14,-71.068607814361172,42.360381491803288
19,-71.063959128353019,42.359443698292033
20,-71.062149417237606,42.360240638816236
15,-71.067747817238740,42.358289484419302
21,-71.060970657562777,42.359206597336069
12,-71.068898720244022,42.362843487881953
33,-71.058943292545564,42.355872154865907
35,-71.060773742060007,42.354187783389285
37,-71.062046735869771,42.355201778310416
23,-71.060683618219173,42.357473819509103
22,-71.058821817948214,42.358396406128733
2,-71.060150979732001,42.364693087406536
16,-71.061289632242307,42.362554215321182
147,-71.046864668733150,42.343761935088310
5,-71.051393693402915,42.362765596354564
6,-71.050508658883359,42.357822930593990
24,-71.054390326879599,42.360246281919288
25,-71.054717072221763,42.358408934458168
27,-71.052619563571596,42.356603676899823
32,-71.054981763715318,42.354230380515297
26,-71.054147998124094,42.356592335733637
31,-71.055476632218785,42.355069552645155
4,-71.053652659662220,42.364809593498620
84,-71.067021087825168,42.381951291796469
83,-71.056483908246292,42.380141622814143
81,-71.052681216536186,42.375905965945130
226,-71.073036086332181,42.420982973230046
229,-71.065752796390697,42.434204369909565
323,-71.070395700910211,42.448430389442088
230,-71.080212700874768,42.433697638268733
235,-71.094319391304765,42.433057457608498
227,-71.080955672473678,42.421397174405968
233,-71.091276580944481,42.418136829777865
234,-71.098910906767870,42.423272506965660
218,-71.050807622230892,42.407741223055702
220,-71.062052981203024,42.412266881661125
225,-71.062853191786004,42.421914128096546
717,-70.905725084435332,42.151548828639100
967,-70.830200163524523,42.059896598422000
972,-70.863173932304250,41.991396295236669
946,-70.937819117990642,41.986430767446166
719,-70.903664888023144,42.106088782422432
718,-70.903481173450686,42.128404330391142
965,-70.872328350616343,42.055795895203538
938,-70.937374423082233,42.038907536151214
684,-70.954084644290319,42.077040452044784
685,-70.923566225591557,42.083236934184363
681,-70.991230553544071,42.074117429293118
680,-71.009149797919235,42.069670930412549
937,-70.962299195530306,42.019668539060838
943,-70.981239623180301,41.992733838309633
944,-70.971355195945904,41.976928281987163
682,-71.012943278778380,42.049143481173466
679,-71.017754225501008,42.059362748506082
678,-71.020764248948964,42.068752681710279
683,-70.995285656986837,42.056808333862818
696,-70.992676032121665,42.180405949918843
716,-70.927252917585960,42.136083887240879
655,-70.997779441749216,42.152605012468811
705,-70.967310902448773,42.159119593890196
714,-70.966057317467545,42.124802309635555
715,-70.945425985918845,42.105094428103619
654,-71.018541372261367,42.138047990100226
663,-70.986155774346585,42.101255999110094
673,-70.989156650057097,42.083407660175411
657,-71.010401667529536,42.114911776384901
662,-71.009457446564511,42.101987220404595
672,-70.997690204078324,42.091439971200842
671,-71.010778876401531,42.087621762439674
661,-71.025035138785654,42.100508944862341
669,-71.020837114265319,42.091567629547093
668,-71.028087487197340,42.084421089292839
670,-71.019484967997968,42.081194649339658
703,-70.956859079780529,42.186889730662010
707,-70.932552415513882,42.173304425007707
706,-70.946352029001702,42.161569314016624
721,-70.839772267428089,42.139350538996204
722,-70.847318822021094,42.109450565805901
720,-70.872468026160803,42.136236546549455
723,-70.867079161696225,42.168294282063478
302,-70.925055726669115,42.427476989430275
149,-71.021950160097106,42.339500155531354
155,-71.029130306009492,42.334181560617196
709,-70.907929510541379,42.241871319855832
708,-70.880003636053289,42.284177021763668
7,-70.961669460719264,42.323531822184741
430,-71.008123529706822,42.269432499226191
438,-70.964534179075571,42.262500639712783
441,-70.982106435040336,42.245706621874341
692,-70.971247083638019,42.230263301136986
697,-70.939150808961031,42.252096065737845
429,-71.016810241710331,42.265743262926186
691,-70.983710146697078,42.227623014811847
200,-70.965429904044740,42.320593461488492
434,-71.005235582891999,42.257255522339136
440,-70.994503560117579,42.238426794461652
439,-71.016113661762219,42.235614154331429
432,-71.018279674225042,42.247835948870559
433,-71.012804004610928,42.253181641277585
689,-71.007308104958767,42.216099115009790
688,-71.018240439830379,42.220496105305237
431,-71.031324338574493,42.249488494460010
428,-71.023345482086526,42.259604238433035
690,-70.994653368933641,42.222464368947804
437,-70.992441250197260,42.258576436137844
435,-71.000835447293170,42.252995690604372
436,-71.000743002719247,42.247443045417164
424,-71.019964601412340,42.295319112408471
426,-71.024199917630867,42.279557719412900
699,-70.953198104172628,42.224607992642255
698,-70.945635195702991,42.239412288734698
700,-70.929152595487167,42.225506903129229
306,-70.969654308361385,42.453704973452332
318,-70.995373255958967,42.444954161696550
213,-70.982771659135324,42.425351648164025
210,-70.999070084919907,42.401997150157328
209,-70.987045887012130,42.396052331754404
203,-70.979739822946826,42.385338310459218
201,-70.974460394778774,42.371065312183383
211,-71.008302664732355,42.408308145283421
207,-71.023970622434547,42.396930466844381
208,-71.030015602156752,42.404873992032655
202,-70.994218526516477,42.373622816655107
79,-71.000605290368782,42.389357131517997
78,-71.015480413082742,42.386455170009441
77,-71.009756401441336,42.362402798423290
76,-71.023703824074119,42.360657272143634
74,-71.025038443010729,42.374627654154239
75,-71.030311978277226,42.370041811514248
145,-71.031068351544960,42.345690791655251
73,-71.028727147715387,42.381636376225835
204,-71.028607055493708,42.389361088960896
71,-71.034537891549036,42.376524583381389
215,-71.016026403215861,42.429464806300132
214,-70.998072151202294,42.422650547166256
319,-71.013332332899182,42.457770982297468
212,-71.021754404903319,42.411539575053744
80,-70.959873419636821,42.351423717582954
304,-70.938590503157243,42.461107459211163
303,-70.957857009253146,42.453182247283735
307,-70.960046320586812,42.460624502060014
710,-70.872122731007110,42.247153382205084
790,-71.225264199880172,42.729246209602167
789,-71.196567431787599,42.728295018085831
775,-71.040657836844815,42.795596896708048
756,-71.012010414273789,42.838714262674181
741,-70.894473741065269,42.721184101624999
786,-71.173032108312043,42.731513224483223
785,-71.154254785990304,42.732695116012941
784,-71.132071836320819,42.738004174140741
750,-71.014904961777262,42.752010801391400
742,-70.982129989296610,42.724019202691245
491,-71.019025195136848,42.681544918927202
507,-71.121845176838946,42.717915649067997
504,-71.099632937968266,42.708656008052820
503,-71.073230222770064,42.655467617319964
489,-71.016427215125077,42.604321853944640
467,-71.022300322335894,42.519563748739500
322,-71.030478682492515,42.490999390610426
496,-71.070198529030847,42.584195353450191
468,-71.051228005786356,42.548836523438474
328,-71.050740572570263,42.511905567227615
327,-71.061044790839233,42.487681326064575
771,-71.177113120658333,42.712335406689661
787,-71.178043723707916,42.722633286319130
537,-71.269520268194555,42.588201409339653
520,-71.233842378091978,42.617185711187311
515,-71.193704205303547,42.683261628488786
763,-71.171888520568530,42.701616605909116
769,-71.169058624340863,42.712379919402053
770,-71.171318197481156,42.717122412798091
767,-71.162429952541217,42.720191600312006
519,-71.214887750970618,42.584848645321806
518,-71.201359297683894,42.597197465173970
517,-71.188949039693000,42.609885700292466
510,-71.169161955160803,42.635201385749987
513,-71.165738324488800,42.663344819610224
509,-71.146719089529768,42.626714448128901
758,-71.170578313301576,42.683791556578250
760,-71.172793502264440,42.692972169295253
501,-71.184628912027904,42.541819983103579
502,-71.180684222974705,42.571389197891428
500,-71.146716451867519,42.588078806088113
497,-71.115071129012861,42.577479592876735
529,-71.190769544172824,42.517335444972034
499,-71.159090885527306,42.561561532916080
522,-71.179345939445184,42.489653334685762
524,-71.180308032357402,42.500606170540308
534,-71.275059853813190,42.551289023348815
536,-71.242661199506372,42.561830749856348
533,-71.252878271665125,42.534222353041386
532,-71.223956377537377,42.534723150501598
542,-71.260074053908284,42.508304531549740
541,-71.246041101438863,42.513036750540877
531,-71.206426143925995,42.531740366988522
528,-71.227939181586066,42.485901679622692
543,-71.264932699265259,42.491804092649311
530,-71.218245898853311,42.509396939420427
527,-71.215153908221978,42.496943017122206
525,-71.198546927504935,42.494921766834949
526,-71.208924930839160,42.484995937695039
521,-71.261374651699526,42.629978245357400
516,-71.220410358276681,42.668990881411375
791,-71.227297170006480,42.702934025809185
514,-71.198355167753320,42.641533341805172
792,-71.282916697699719,42.641674454781075
793,-71.288624107390248,42.624806704462472
764,-71.180371626914379,42.698267944629315
772,-71.183966710987036,42.706798362588593
335,-71.108855556527999,42.495234982292338
492,-71.088990666836963,42.535410282786962
493,-71.116770241365913,42.513312072723089
498,-71.145406032165326,42.538425954243074
495,-71.112693758048565,42.546764295339287
494,-71.117773850347533,42.526462812484183
343,-71.128583265368420,42.497781141083067
344,-71.144190486742389,42.494421972727004
348,-71.159247800264865,42.511566430609406
346,-71.135300953272690,42.515185194785353
347,-71.147200794482970,42.506016809130813
345,-71.158003927414285,42.490338284211127
341,-71.123685709410708,42.483190253861657
334,-71.091031722655813,42.490237229238744
330,-71.071312524150770,42.519016777385772
331,-71.083881252771093,42.505763348713799
329,-71.071467899936167,42.503400668755624
511,-71.133589596826440,42.665541761907754
505,-71.124409372052355,42.679269196553562
508,-71.112646711112433,42.622057512433734
512,-71.142856895484712,42.655586866679577
761,-71.143052618652845,42.714339160218543
757,-71.146220182159851,42.688173347740467
759,-71.151864775921013,42.700782833554044
506,-71.126459756924149,42.696010713446938
762,-71.159188358536866,42.706039822909531
765,-71.157441893715287,42.711490245112905
766,-71.157052433900262,42.715959736598144
768,-71.166988469641652,42.709355534917911
788,-71.163305808327223,42.761844338793402
783,-71.133459425127654,42.796540659645800
773,-71.088802930029956,42.750258084899443
779,-71.106850526172664,42.772397461011082
782,-71.100716019584922,42.785975584417400
781,-71.089359993285896,42.790965950430930
780,-71.076894538384096,42.797106694442725
776,-71.073530146833946,42.779133415281564
774,-71.076074729886940,42.762697755961497
778,-71.092375552575490,42.773589990113067
777,-71.082043198304760,42.777724071921511
459,-70.899744118849455,42.558202103128011
485,-70.915570418986306,42.560880873625642
454,-70.905763633979149,42.532204507777607
740,-70.890412016815674,42.680548523274012
466,-70.857897445005491,42.626652345977170
465,-70.882675330595774,42.600820463817755
463,-70.899637594446617,42.582590226666419
487,-70.924024586317657,42.577310746606848
450,-70.925825581761046,42.507795821945237
449,-70.914462747303631,42.499994006179527
448,-70.899583427847645,42.492996097386161
443,-70.914932983963226,42.479390585291313
490,-70.942569455653086,42.637265908479812
488,-70.945311538828989,42.592454484701179
484,-70.980841220562056,42.577208743879844
475,-70.938895949957328,42.532195266616171
482,-70.965109529014654,42.558401718358319
472,-70.973057615597497,42.536958053241499
471,-70.972364813030580,42.520043964153750
470,-70.961840184646022,42.510172711974306
478,-70.925016925293505,42.528111674118733
479,-70.919720440726721,42.535475852492198
317,-70.981404351120489,42.492302538704301
473,-71.005669519918698,42.539619594935601
474,-71.009883429344242,42.557858585089676
469,-70.941678237403337,42.509477044422773
315,-70.942138936264527,42.486844396889111
314,-70.952900527971096,42.480397085137547
310,-70.932301660173394,42.476405500447363
477,-70.926602227569958,42.520728679240378
486,-70.934981534785464,42.566064408280191
481,-70.938547509117058,42.555088605398694
483,-70.956031469924213,42.568724454608152
476,-70.946139664929646,42.542498500452481
480,-70.925262149438453,42.549591105935228
464,-70.831385455633637,42.567276426926959
453,-70.892599974577848,42.527984753008667
456,-70.875911804956644,42.527959606148812
444,-70.878530544807390,42.488303221104601
445,-70.855001725410347,42.497218924720016
447,-70.858302275759826,42.511673691550392
446,-70.850235010976107,42.505071858334539
451,-70.890800310908162,42.505248529288608
455,-70.889148885642101,42.518759173135258
452,-70.896723809825019,42.515910681248506
460,-70.869431407273709,42.552997644762492
457,-70.883564916579900,42.544445881376369
458,-70.886374231128684,42.560387464078360
462,-70.867405452607599,42.582023594987206
461,-70.873966224890822,42.568089158307636
755,-70.958757515045733,42.844895392483750
754,-70.935338391713486,42.869866886048847
752,-70.874292293095749,42.853897868267929
751,-70.835401259364758,42.837417207517326
743,-70.877194877585325,42.770619340786041
753,-70.912771492956793,42.851910181804065
747,-70.899117471997400,42.824924614690211
746,-70.901258319767123,42.807168213370332
749,-70.969058364981535,42.793899407177150
748,-70.923349027550188,42.817722532350032
745,-70.878867963362211,42.807498566440984
744,-70.845826648475338,42.805833708283288
964,-70.672979359576999,42.098467351787157
963,-70.684948454770591,42.079019528636401
970,-70.693428260198473,42.061821864423550
971,-70.700083573024074,42.029848616817958
975,-70.712568297596107,41.991212061398812
980,-70.689012401218719,41.972879964519628
982,-70.671504648673988,41.961402569264251
981,-70.679824259238231,41.958106092301939
962,-70.714082353632378,42.127653678233017
730,-70.715074353206987,42.617111833377493
736,-70.661840988738604,42.651870082134302
732,-70.640866429402635,42.625905361115990
731,-70.647809760288098,42.601326661172621
735,-70.673776838455581,42.615550389189949
734,-70.662369464188600,42.613862747288650
733,-70.661436419804943,42.620574440082436
737,-70.622489316806124,42.654517349801104